pipeline,attribute,n_items,cer,wer,exact_match_acc,n_sub,n_del,n_ins,n_missing,n_ref_chars
vlm,รหัสวิชา,40,0.144578,,0.85,0,48,0,6,332
vlm,ชื่อวิชา (ไทย) ⭐,40,0.181488,0.187919,0.8,0,200,0,6,1102
vlm,ชื่อวิชา (อังกฤษ) ⭐,40,0.19722,0.211538,0.8,0,227,0,6,1151
vlm,หน่วยกิต,40,0.149068,,0.85,0,48,0,6,322
vlm,ปี/ภาค,40,0.15,,0.85,0,18,0,6,120
vlm,หมวดวิชา,40,0.445205,,0.425,68,124,68,6,584
vlm,บังคับ/เลือก,40,0.154506,,0.825,5,31,0,6,233
vlm,วิชาบังคับก่อน,34,1.0,,0.0,0,188,0,34,188
vlm,ปี/ภาคยืดหยุ่น,34,0.0,,0.970588,0,0,11,0,0
